documento;data;data_min;data_max;affidabilita;fonte
2021_DM_mit_464-2021;2021-11-22;;;certa;Citato come DM 22 novembre 2021, n. 464 in sette atti del corpus (per esempio DI 97/2022 e DM 191/2023).
2022_DM__8_14-01-2022;2022-01-14;;;certa;Citato come DM 14 gennaio 2022, n. 8 nel DM 410/2022.
2022_DI_Mims_Mef_97_20_04_2022;2022-04-20;;;certa;Citato come DI 20 aprile 2022, n. 97 in otto atti del corpus.
2022_DDG_128_del_02-05-22;2022-05-02;;;nome;"Data nel nome del file; nessun altro atto del corpus lo cita con la data."
2022_DM_MIMS_342-2022;2022-10-10;2022-09-28;2022-10-22;stimata;"Cita l'intesa in Conferenza Unificata del 28/09/2022; intestato al Ministero delle infrastrutture e della mobilità sostenibili, quindi precedente al cambio di denominazione di fine ottobre 2022."
2022_DI_MIT-MEF_390-2022;2022-11-22;2022-10-22;2022-12-21;stimata;"Intestato al Ministero delle infrastrutture e dei trasporti (denominazione ripresa a fine ottobre 2022) e con numero di registro precedente al DM 409/2022; l'ultimo atto citato è del 05/08/2022."
2022_DM_MIT_409-2022;2022-12-22;2022-12-21;2022-12-23;stimata;"Cita l'intesa in Conferenza Unificata del 21/12/2022; numero precedente al DM 410 del 23/12/2022."
2022_DD_MIT_454-2022;2022-12-22;;;certa;Citato come decreto dirigenziale n. 454 del 22 dicembre 2022 nel DD 141/2025.
2022_DM_410_23-12-2022;2022-12-23;;;certa;Citato come DM 23 dicembre 2022, n. 410 nei DM 343/2023 e 330/2024 e nella delibera CIPESS.
2023_DM_MIT_191-2023;2023-08-07;;;certa;Citato come DM 7 agosto 2023, n. 191 nei DM 346/2023 e 330/2024.
2023_DM_MIT_270-2023;2023-10-26;2023-10-19;2023-10-26;stimata;"Cita l'intesa in Conferenza Unificata del 19/10/2023; ultima modifica del PDF il 26/10/2023."
2023_DI_MIT-MEF_286-2023;2023-11-13;2023-10-19;2023-11-13;stimata;"Numero di registro successivo al DM 270/2023; PDF creato il 24/10/2023 e modificato l'ultima volta il 13/11/2023 (probabile firma del secondo ministro)."
2023_DM_MIT_346-2023;2023-12-22;2023-12-06;2023-12-22;stimata;"Cita l'intesa in Conferenza Unificata del 06/12/2023; PDF chiuso il 22/12/2023 come i DM 343 e 345 dello stesso giorno."
2023_DM_MIT_342-2023;2023-12-22;2023-12-20;2023-12-22;stimata;"Cita l'intesa in Conferenza Stato-Regioni del 20/12/2023; PDF chiuso il 22/12/2023 come i DM 343 e 345 dello stesso giorno."
2023_DM_343_22-12-2023;2023-12-22;;;certa;Citato come DM 22 dicembre 2023, n. 343 nel DM 330/2024 e nella delibera CIPESS.
2023_DM_MIT_344-2023;2023-12-22;2023-12-20;2023-12-22;stimata;"Cita l'intesa in Conferenza Unificata del 20/12/2023; PDF chiuso il 22/12/2023 come i DM 343 e 345 dello stesso giorno."
2023_DM_MIT_345_-_2023;2023-12-22;;;certa;Citato come DM 22 dicembre 2023, n. 345 nel DM 334/2024.
2023_DI_MIT-MEF_n_362_del_30-12-2023;2023-12-30;;;certa;Citato come DI 30 dicembre 2023, n. 362 nei DI 107/2024 e 349/2024.
2024_DI_MIT_MEF_107-2024;2024-04-17;;;certa;Citato come DI 17 aprile 2024, n. 107 nel DI 349/2024.
2024_delibera_CIPE_del_19_dicembre_2024;2024-12-19;;;certa;"Data della seduta CIPESS; pubblicata in Gazzetta Ufficiale il 26/03/2025."
2024_DM_MIT_330_20-12-2024;2024-12-20;;;nome;Data nel nome del file, coerente con l'ultima modifica del PDF (20/12/2024).
2024_DM_MIT_334-2024;2024-12-23;2024-12-18;2024-12-23;stimata;"Cita l'intesa in Conferenza Unificata del 18/12/2024; ultima modifica del PDF il 23/12/2024."
2024_DI_MIT_MEF_349_2024;2024-12-31;2024-12-18;2024-12-31;stimata;"Cita l'intesa in Conferenza Unificata del 18/12/2024; ultima modifica del PDF il 31/12/2024."
2025_DM_MIT_131-2025;2025-04-09;2025-02-17;2025-04-18;stimata;"Ultimo atto citato del 17/02/2025, numero precedente al DD 141 del 18/04/2025; ultima modifica del PDF il 09/04/2025."
2025_DD_MIT_141-2025;2025-04-18;;;certa;Segnatura di protocollo REGISTRO DECRETI R.0000141 del 18-04-2025.
