decree_file,model_slug,thinking,numero_decreto,data_decreto,ministero_1,ministero_2,natura_atto,cup,cup_valido,cup_tipo,cup_master,n_cup,attribuzione_importo,capitolo,piano_gestionale,annualita,importo_eur,importo_quota_eur,importo_originale,livello_importo,tipo_azione,stato_importo,colonna_fonte,riferimento_fonte,passaggio_testuale,atto_riferito,confidenza,ambiguita,note
2021 DM mit 464-2021.pdf,z-ai/glm-4.7-flash,off,,,Ministero delle Infrastrutture e della Mobilità Sostenibili,,assegnazione,H94I19000130004,True,definitivo,,1,singolo,7400,7,,97154124.1,97154124.1,"97.154.124,10",quota,assegnazione,assegnato,FINANZIAMENTO,"Art. 1; Allegato 1 / [TABELLA pag.10 n.1], riga 2","COMUNE DI PADOVA | LINEA SIR 2 DEL TRAM-COMPLETAMENTO DEL SISTEMA INTERMEDIO A RETE DELLA CITTA' DI PADOVA | H94I19000130004 | TRANVIA | | 97.154.124,10",,alta,,
2021 DM mit 464-2021.pdf,z-ai/glm-4.7-flash,off,,,Ministero delle Infrastrutture e della Mobilità Sostenibili,,assegnazione,C81B21013200005,True,definitivo,,1,singolo,7400,7,,359545887.07,359545887.07,"359.545.887,07",quota,assegnazione,assegnato,FINANZIAMENTO,"Art. 1; Allegato 1 / [TABELLA pag.10 n.1], riga 4","COMUNE DI BRESCIA | NUOVA LINEA TRANVIARIA ""PENDOLINA- FIERA (T2)"" | C81B21013200005 | TRANVIA | | 359.545.887,07",,alta,,
2021 DM mit 464-2021.pdf,z-ai/glm-4.7-flash,off,,,Ministero delle Infrastrutture e della Mobilità Sostenibili,,assegnazione,J80J18000000001,True,definitivo,,1,singolo,7400,7,,159466174.12,159466174.12,"159.466.174,12",quota,assegnazione,assegnato,FINANZIAMENTO,"Art. 1; Allegato 1 / [TABELLA pag.10 n.1], riga 6","ROMA CAPITALE | RINNOVO MATERIALE LINEE A e B-B1 DELLA METROPOLITANA | J80J18000000001 | METRO | | 159.466.174,12",,alta,,
2021 DM mit 464-2021.pdf,z-ai/glm-4.7-flash,off,,,Ministero delle Infrastrutture e della Mobilità Sostenibili,,assegnazione,C11B21008720001,True,definitivo,,1,singolo,7400,1,,9408502.67,9408502.67,"9.408.502,67",quota,assegnazione,assegnato,FINANZIAMENTO,"Art. 1; Allegato 1 / [TABELLA pag.10 n.1], riga 8","COMUNE DI TORINO | ATTESTAMENTO LINEA TRANVIARIA 15 PRESSO OSPEDALE MARTINI E MODIFICA INSTRADAMENTO IN ZONA CENTRO | C11B21008720001 | TRANVIA | | 9.408.502,67",,alta,,
2021 DM mit 464-2021.pdf,z-ai/glm-4.7-flash,off,,,Ministero delle Infrastrutture e della Mobilità Sostenibili,,assegnazione,D81E20000410007,True,definitivo,,1,singolo,7400,1,,35085990.37,35085990.37,"35.085.990,37",quota,assegnazione,assegnato,FINANZIAMENTO,"Art. 1; Allegato 1 / [TABELLA pag.10 n.1], riga 10","COMUNE DI TORINO | METROPOLITANA AUTOMATICA DI TORINO - LINEA 1: PROLUNGAMENTO OVEST COLLEGNO - CASCINE VICA: NUOVO FABBRICATO DEPOSITO TRENI | D81E20000410007 | METRO | | 35.085.990,37",,alta,,
2021 DM mit 464-2021.pdf,z-ai/glm-4.7-flash,off,,,Ministero delle Infrastrutture e della Mobilità Sostenibili,,assegnazione,,False,,,0,singolo,7400,,,660660678.33,660660678.33,"660.660.678,33",totale,assegnazione,assegnato,FINANZIAMENTO,"Art. 1; Allegato 1 / [TABELLA pag.10 n.1], riga 12","TOTALE | 660.660.678,33",,alta,,
2025 DM MIT 131-2025.pdf,z-ai/glm-4.7-flash,off,,,Ministero delle Infrastrutture e dei Trasporti,,attuazione,B21F19000040009,True,definitivo,,1,singolo,7418,4,,915000000.0,915000000.0,"€ 915.000.000,00",totale,assegnazione,assegnato,,art. 2,"Il contributo oggetto del Secondo Atto Modificativo di cui all'art. 1 è pari a complessivi € 915.000.000,00",,alta,,
2025 DM MIT 131-2025.pdf,z-ai/glm-4.7-flash,off,,,Ministero delle Infrastrutture e dei Trasporti,,attuazione,B21F19000040009,True,definitivo,,1,singolo,7418,4,,900000000.0,900000000.0,"€ 900.000.000,00",quota,assegnazione,assegnato,,art. 2,"di cui € 900.000.000,00 a valore sulle risorse stanziate dall'articolo 1, comma 96, della legge n. 145/2018 ed impegnate con decreto direttoriale n. 381 del 5 dicembre 2019",decreto direttoriale n. 381 del 5 dicembre 2019,alta,,
2025 DM MIT 131-2025.pdf,z-ai/glm-4.7-flash,off,,,Ministero delle Infrastrutture e dei Trasporti,,attuazione,B21F19000040009,True,definitivo,,1,singolo,7418,4,,15000000.0,15000000.0,"€ 15.000.000,00",quota,assegnazione,assegnato,,art. 2,"di cui ... € 15.000.000,00 a valore sulle risorse stanziate dalla legge n. 234/2021, sul medesimo capitolo di spesa, ed impegnate con decreto direttoriale n. 108 del 25 marzo 2024",decreto direttoriale n. 108 del 25 marzo 2024,alta,,
