decree_file,cup,deepseek/deepseek-v4-flash::off,deepseek/deepseek-v4-pro-0813::off,google/gemma-4-26b-a4b-it::off,google/gemma-4-31b-it::off,minimax/minimax-m3::off,moonshotai/kimi-k2.6::off,qwen/qwen3.6-35b-a3b::off,z-ai/glm-4.7-flash::off,n_cells_found,all_agree
2021 DM mit 464-2021.pdf,C11B21008720001,9408502.67,9408502.67,9408502.67,9408502.67,9408502.67,9408502.67,9408502.67,9408502.67,8,True
2021 DM mit 464-2021.pdf,C81B21013200005,359545887.07,359545887.07,359545887.07,359545887.07,359545887.07,359545887.07,359545887.07,359545887.07,8,True
2021 DM mit 464-2021.pdf,D81E20000410007,35085990.37,35085990.37,35085990.37,35085990.37,35085990.37,35085990.37,35085990.37,35085990.37,8,True
2021 DM mit 464-2021.pdf,H94I19000130004,97154124.1,97154124.1,97154124.1,97154124.1,97154124.1,97154124.1,97154124.1,97154124.1,8,True
2021 DM mit 464-2021.pdf,J80J18000000001,159466174.12,159466174.12,159466174.12,159466174.12,159466174.12,159466174.12,159466174.12,159466174.12,8,True
2022 DD MIT 454-2022.pdf,E51I04000010007,145000000.0,145000000.0,145000000.0,145000000.0,145000000.0,145000000.0,145000000.0,145000000.0,8,True
2022 DDG 128 del 02-05-22.pdf,C11B21008720001,22247246.52,22247246.52,22247246.52,22247246.52,22247246.52,22247246.52,22247202.52,22247246.52,8,False
2022 DDG 128 del 02-05-22.pdf,C81B21013200005,359545887.07,359545887.07,359545887.07,359545887.07,359545887.07,359545887.07,359545887.06999993,359545887.07,8,True
2022 DDG 128 del 02-05-22.pdf,D81E20000410007,22247246.52,22247246.52,22247246.52,22247246.52,22247246.52,22247246.52,22247202.52,22247246.52,8,False
2022 DDG 128 del 02-05-22.pdf,H94I19000130004,97154124.1,97154124.1,634174000.0,97154124.1,97154124.1,97154124.1,97694526.2,97154124.1,8,False
2022 DDG 128 del 02-05-22.pdf,J80J18000000001,159466174.12,159466174.12,159466174.12,159466174.12,159466174.12,159466174.12,159466174.12,159466174.12,8,True
2022 DI Mims Mef 97 20.04.2022.pdf,B31F20000030005,20860000.0,20860000.0,20860000.0,20860000.0,41720000.0,20860000.0,20860000.0,20860000.0,8,False
2022 DI Mims Mef 97 20.04.2022.pdf,B34J18000220001,37258062.315,,37258062.315,37258062.315,,,,37258062.315,4,True
2022 DI Mims Mef 97 20.04.2022.pdf,B34J18000230001,37258062.315,,37258062.315,37258062.315,,,,37258062.315,4,True
2022 DI Mims Mef 97 20.04.2022.pdf,B39J22001360001,398000000.0,398000000.0,398000000.0,398000000.0,796000000.0,398000000.0,398000000.0,398000000.0,8,False
2022 DI Mims Mef 97 20.04.2022.pdf,B41C21000010001,5500000.0,5500000.0,5500000.0,5500000.0,11000000.0,5500000.0,5500000.0,5500000.0,8,False
2022 DI Mims Mef 97 20.04.2022.pdf,B41J21000050006,4500000.0,4500000.0,4500000.0,4500000.0,9000000.0,4500000.0,4500000.0,4500000.0,8,False
2022 DI Mims Mef 97 20.04.2022.pdf,B44D20000040001,180000000.0,180000000.0,180000000.0,180000000.0,360000000.0,180000000.0,180000000.0,180000000.0,8,False
2022 DI Mims Mef 97 20.04.2022.pdf,B91J21000040001,420000000.0,420000000.0,420000000.0,420000000.0,840000000.0,420000000.0,420000000.0,420000000.0,8,False
2022 DI Mims Mef 97 20.04.2022.pdf,C11J22000000001,221721410.41,,221721410.41,221721410.41,,,,221721410.41,4,True
2022 DI Mims Mef 97 20.04.2022.pdf,C71F20000020005,1000000000.0,1000000000.0,1000000000.0,1000000000.0,2000000000.0,1000000000.0,1000000000.0,1000000000.0,8,False
2022 DI Mims Mef 97 20.04.2022.pdf,E31J19000030001,26500000.0,26500000.0,26500000.0,26500000.0,26500000.0,26500000.0,26500000.0,26500000.0,8,True
2022 DI Mims Mef 97 20.04.2022.pdf,E51I04000010007,1600000000.0,1600000000.0,1600000000.0,1600000000.0,3200000000.0,1600000000.0,1600000000.0,1600000000.0,8,False
2022 DI Mims Mef 97 20.04.2022.pdf,F41B22000740009,631373163.0,631373163.0,631373163.0,631373163.0,1262746326.0,631373163.0,631373163.0,631373163.0,8,False
2022 DI Mims Mef 97 20.04.2022.pdf,F41B22000830009,163500824.0,163500824.0,163500824.0,163500824.0,327001648.0,163500824.0,163500824.0,163500824.0,8,False
2022 DI Mims Mef 97 20.04.2022.pdf,F44I19000530001,122200000.0,122200000.0,122200000.0,122200000.0,122200000.0,122200000.0,122200000.0,122200000.0,8,True
2022 DI Mims Mef 97 20.04.2022.pdf,F47C19000350001,22500000.035,,22500000.035,22500000.035,,,,22500000.035,4,True
2022 DI Mims Mef 97 20.04.2022.pdf,F47C19000360001,22500000.035,,22500000.035,22500000.035,,,,22500000.035,4,True
2022 DI Mims Mef 97 20.04.2022.pdf,F47C19000370001,5225000.005,,5225000.005,5225000.005,,,,5225000.005,4,True
2022 DI Mims Mef 97 20.04.2022.pdf,F47C19000380001,5225000.005,,5225000.005,5225000.005,,,,5225000.005,4,True
2022 DI Mims Mef 97 20.04.2022.pdf,F47C19000390001,5225000.005,,5225000.005,5225000.005,,,,5225000.005,4,True
2022 DI Mims Mef 97 20.04.2022.pdf,F47D17000140005,5225000.005,,5225000.005,5225000.005,,,,5225000.005,4,True
2022 DI Mims Mef 97 20.04.2022.pdf,J81B21014060001,173183831.97,173183831.97,173183831.97,173183831.97,173183831.97,173183831.97,173183831.97,173183831.97,8,True
2022 DI Mims Mef 97 20.04.2022.pdf,J84E21005150001,11284217.84,11284217.84,11284217.84,11284217.84,11284217.84,11284217.84,11284217.84,11284217.84,8,True
2022 DM MIMS 342-2022.pdf,PROV0000026838,2041389.2,2041389.2,2041389.2,2041389.2,2041389.2,2041389.2,2041389.2,2041389.2,8,True
2022 DM MIT 409-2022.pdf,C61C22007040001,37448232.02,37448232.02,37448232.02,37448232.02,37448232.02,37448232.02,37448232.0,37448232.02,8,False
2022 DM MIT 409-2022.pdf,J51C22002060001,37500000.0,37500000.0,37500000.0,37500000.0,37500000.0,37500000.0,37500000.0,37500000.0,8,True
2023 DI MIT-MEF 286-2023.pdf,B81I06000000003,,75000000.0,150000000.0,75000000.0,75000000.0,75000000.0,75000000.0,75000000.0,7,False
2023 DI MIT-MEF n.362 del 30-12-2023.pdf,B31F20000030005,,0.0,0.0,,,0.0,0.0,,4,True
2023 DI MIT-MEF n.362 del 30-12-2023.pdf,B44D20000040001,,0.0,0.0,,,0.0,0.0,,4,True
2023 DI MIT-MEF n.362 del 30-12-2023.pdf,C71F20000020005,,0.0,0.0,,,0.0,0.0,,4,True
2023 DI MIT-MEF n.362 del 30-12-2023.pdf,E31J19000030001,,0.0,0.0,,,0.0,0.0,,4,True
2023 DI MIT-MEF n.362 del 30-12-2023.pdf,E51I04000010007,,0.0,0.0,,,0.0,0.0,,4,True
2023 DI MIT-MEF n.362 del 30-12-2023.pdf,F41B22000740009,,0.0,0.0,,,0.0,0.0,,4,True
2023 DI MIT-MEF n.362 del 30-12-2023.pdf,F41B22000830009,,0.0,0.0,,,0.0,0.0,,4,True
2023 DI MIT-MEF n.362 del 30-12-2023.pdf,F44I19000530001,,0.0,0.0,,,0.0,0.0,,4,True
2023 DI MIT-MEF n.362 del 30-12-2023.pdf,J84E21005150001,,0.0,0.0,,,0.0,0.0,,4,True
2023 DM 343.22-12-2023.pdf,B24C17000320005,,,0.0,0.0,,,,,2,True
2023 DM 343.22-12-2023.pdf,B44D20000040001,,,,0.0,,,,,1,True
2023 DM 343.22-12-2023.pdf,B71J22000050006,,,0.0,0.0,,,,,2,True
2023 DM 343.22-12-2023.pdf,C81B21013200005,,,0.0,0.0,,,,,2,True
2023 DM 343.22-12-2023.pdf,D71D18000520001,,,0.0,0.0,,,,,2,True
2023 DM 343.22-12-2023.pdf,F44I19000530001,,,0.0,0.0,,,,,2,True
2023 DM 343.22-12-2023.pdf,H11J21000010003,,,0.0,0.0,,,,,2,True
2023 DM MIT 191-2023.pdf,B31J23000240001,0.0,0.0,37258062.315,74516124.63,0.0,0.0,0.0,64158886.29,8,False
2023 DM MIT 191-2023.pdf,B34J18000230001,74516124.63,0.0,37258062.315,0.0,0.0,74516124.63,74516124.63,10357238.34,8,False
2023 DM MIT 191-2023.pdf,C11J22000000001,221721410.41,221721410.41,221721410.41,221721410.41,221721410.41,221721410.41,221721410.41,221721410.41,8,True
2023 DM MIT 191-2023.pdf,F47C19000350001,0.0,0.0,0.0,45000000.07,0.0,0.0,0.0,0.0,8,False
2023 DM MIT 191-2023.pdf,F47C19000360001,45000000.07,0.0,45000000.07,0.0,0.0,45000000.07,45000000.07,45000000.07,8,False
2023 DM MIT 191-2023.pdf,F47C19000370001,2000000.0,2000000.0,2000000.0,2000000.0,2000000.0,2000000.0,2000000.0,2000000.0,8,True
2023 DM MIT 191-2023.pdf,F47C19000380001,0.0,0.0,0.0,0.0,0.0,0.0,0.0,0.0,8,True
2023 DM MIT 191-2023.pdf,F47C19000390001,2100000.0,2100000.0,2100000.0,2100000.0,2100000.0,2100000.0,2100000.0,2100000.0,8,True
2023 DM MIT 191-2023.pdf,F47D17000140005,0.0,0.0,20900000.02,20900000.02,0.0,0.0,20900000.02,0.0,8,False
2023 DM MIT 270-2023.pdf,C17D20000030001,6000000.0,6000000.0,12000000.0,6000000.0,6000000.0,6000000.0,6000000.0,6000000.0,8,False
2023 DM MIT 270-2023.pdf,C47D21000040001,9750000.0,9750000.0,19500000.0,9750000.0,9750000.0,9750000.0,9750000.0,9750000.0,8,False
2023 DM MIT 270-2023.pdf,C47D22000030002,17000000.0,17000000.0,,17000000.0,17000000.0,17000000.0,17000000.0,17000000.0,7,True
2023 DM MIT 270-2023.pdf,C64E21001530007,1250000.0,1250000.0,2500000.0,1250000.0,1250000.0,1250000.0,1250000.0,1250000.0,8,False
2023 DM MIT 270-2023.pdf,C71G23000060001,8000000.0,8000000.0,,8000000.0,8000000.0,8000000.0,8000000.0,8000000.0,7,True
2023 DM MIT 270-2023.pdf,C77D22000050002,35000000.0,35000000.0,,35000000.0,35000000.0,35000000.0,35000000.0,35000000.0,7,True
2023 DM MIT 270-2023.pdf,C77D23000040001,19000000.0,19000000.0,,19000000.0,19000000.0,19000000.0,19000000.0,19000000.0,7,True
2023 DM MIT 270-2023.pdf,C87D23000030001,12000000.0,12000000.0,24000000.0,12000000.0,12000000.0,12000000.0,12000000.0,12000000.0,8,False
2023 DM MIT 270-2023.pdf,D61G21000120001,550000.0,550000.0,550000.0,550000.0,550000.0,550000.0,550000.0,550000.0,8,True
2023 DM MIT 270-2023.pdf,D61G21000130001,1700000.0,1700000.0,1700000.0,1700000.0,1700000.0,1700000.0,1700000.0,1700000.0,8,True
2023 DM MIT 270-2023.pdf,D77D21000000001,3000000.0,3000000.0,3000000.0,3000000.0,3000000.0,3000000.0,3000000.0,3000000.0,8,True
2023 DM MIT 270-2023.pdf,D81G21000050001,250000.0,250000.0,250000.0,250000.0,250000.0,250000.0,250000.0,250000.0,8,True
2023 DM MIT 270-2023.pdf,E11B21000940001,36000000.0,36000000.0,36000000.0,36000000.0,36000000.0,36000000.0,36000000.0,36000000.0,8,True
2023 DM MIT 270-2023.pdf,E47D23000020001,59000000.0,59000000.0,39079121.5,59000000.0,59000000.0,59000000.0,59000000.0,59000000.0,8,False
2023 DM MIT 270-2023.pdf,E67G20000050002,,,39079121.5,,,,59000000.0,,2,False
2023 DM MIT 270-2023.pdf,F11J20000200003,40500000.0,40500000.0,40500000.0,40500000.0,40500000.0,40500000.0,40500000.0,40500000.0,8,True
2023 DM MIT 270-2023.pdf,F70B18000000003,23000000.0,23000000.0,,23000000.0,23000000.0,23000000.0,23000000.0,23000000.0,7,True
2023 DM MIT 270-2023.pdf,F94E21000910001,19600000.0,19600000.0,39200000.0,19600000.0,19600000.0,19600000.0,19600000.0,19600000.0,8,False
2023 DM MIT 270-2023.pdf,F99I20000130003,40000000.0,40000000.0,40000000.0,40000000.0,40000000.0,40000000.0,40000000.0,40000000.0,8,True
2023 DM MIT 270-2023.pdf,G11G20000020001,1800000.0,1800000.0,1800000.0,1800000.0,1800000.0,1800000.0,1800000.0,1800000.0,8,True
2023 DM MIT 270-2023.pdf,G21G22000170001,21030000.0,21030000.0,21030000.0,21030000.0,21030000.0,21030000.0,21030000.0,21030000.0,8,True
2023 DM MIT 270-2023.pdf,G41B20000420001,10500000.0,10500000.0,10500000.0,10500000.0,10500000.0,10500000.0,10500000.0,10500000.0,8,True
2023 DM MIT 270-2023.pdf,G71G22000170001,10400000.0,10400000.0,10400000.0,10400000.0,10400000.0,10400000.0,10400000.0,10400000.0,8,True
2023 DM MIT 270-2023.pdf,G71G22000180001,1290000.0,1290000.0,1290000.0,1290000.0,1290000.0,1290000.0,1290000.0,1290000.0,8,True
2023 DM MIT 270-2023.pdf,G81G22000110001,1350000.0,1350000.0,1350000.0,1350000.0,1350000.0,1350000.0,1350000.0,1350000.0,8,True
2023 DM MIT 270-2023.pdf,G91G22000220001,1020000.0,1020000.0,1020000.0,1020000.0,1020000.0,1020000.0,1020000.0,1020000.0,8,True
2023 DM MIT 270-2023.pdf,H38H17000480002,1253240.0,1253240.0,1253240.0,1253240.0,1253240.0,1253240.0,1253240.0,1253240.0,8,True
2023 DM MIT 270-2023.pdf,H39F21000060001,100000.0,100000.0,100000.0,100000.0,100000.0,100000.0,100000.0,100000.0,8,True
2023 DM MIT 270-2023.pdf,H39F21000070001,3500000.0,3500000.0,3500000.0,3500000.0,3500000.0,3500000.0,3500000.0,3500000.0,8,True
2023 DM MIT 270-2023.pdf,H39J21005830006,4000000.0,4000000.0,4000000.0,4000000.0,4000000.0,4000000.0,4000000.0,4000000.0,8,True
2023 DM MIT 270-2023.pdf,H49F21000040001,2000000.0,2000000.0,2000000.0,2000000.0,2000000.0,2000000.0,2000000.0,2000000.0,8,True
2023 DM MIT 270-2023.pdf,H49F21000050001,200000.0,200000.0,200000.0,200000.0,200000.0,200000.0,200000.0,200000.0,8,True
2023 DM MIT 270-2023.pdf,H49F21000060001,100000.0,100000.0,100000.0,100000.0,100000.0,100000.0,100000.0,100000.0,8,True
2023 DM MIT 270-2023.pdf,H49F21000070001,10000000.0,10000000.0,10000000.0,10000000.0,10000000.0,10000000.0,10000000.0,10000000.0,8,True
2023 DM MIT 270-2023.pdf,H49F21000080001,20000000.0,20000000.0,20000000.0,20000000.0,20000000.0,20000000.0,20000000.0,20000000.0,8,True
2023 DM MIT 270-2023.pdf,H49F21000090001,300000.0,300000.0,300000.0,300000.0,300000.0,300000.0,300000.0,300000.0,8,True
2023 DM MIT 270-2023.pdf,H49J21000890001,146760.0,146760.0,146760.0,146760.0,146760.0,146760.0,146760.0,146760.0,8,True
2023 DM MIT 270-2023.pdf,I69F18000980001,8100000.0,8100000.0,8100000.0,8100000.0,8100000.0,8100000.0,8100000.0,8100000.0,8,True
2023 DM MIT 270-2023.pdf,J11C06000070003,15000000.0,15000000.0,15000000.0,15000000.0,15000000.0,15000000.0,15000000.0,15000000.0,8,True
2023 DM MIT 270-2023.pdf,J67D23000030002,11500000.0,11500000.0,11500000.0,11500000.0,11500000.0,11500000.0,11500000.0,11500000.0,8,True
2023 DM MIT 270-2023.pdf,J67D23000040002,1300000.0,1300000.0,1300000.0,1300000.0,1300000.0,1300000.0,1300000.0,1300000.0,8,True
2023 DM MIT 270-2023.pdf,J67D23000050002,2000000.0,2000000.0,2000000.0,2000000.0,2000000.0,2000000.0,2000000.0,2000000.0,8,True
2023 DM MIT 270-2023.pdf,J67D23000060002,4600000.0,4600000.0,4600000.0,4600000.0,4600000.0,4600000.0,4600000.0,4600000.0,8,True
2023 DM MIT 270-2023.pdf,J67D23000070002,2600000.0,2600000.0,2600000.0,2600000.0,2600000.0,2600000.0,2600000.0,2600000.0,8,True
2023 DM MIT 342-2023.pdf,B19F22013250002,,2400000.0,2400000.0,2400000.0,2400000.0,2400000.0,2400000.0,2400000.0,7,True
2023 DM MIT 342-2023.pdf,B41E04000210001,,50000000.0,,50000000.0,50000000.0,50000000.0,50000000.0,50000000.0,6,True
2023 DM MIT 342-2023.pdf,B81B21003770005,,1750000.0,1750000.0,1750000.0,1750000.0,1750000.0,1750000.0,1750000.0,7,True
2023 DM MIT 342-2023.pdf,B89J21020930005,,1200000.0,,1200000.0,1200000.0,1200000.0,1200000.0,1200000.0,6,True
2023 DM MIT 342-2023.pdf,C56G21008730001,,3400000.0,3400000.0,3400000.0,3400000.0,3400000.0,3400000.0,3400000.0,7,True
2023 DM MIT 342-2023.pdf,C71G22000090001,,7000000.0,,7000000.0,7000000.0,7000000.0,7000000.0,7000000.0,6,True
2023 DM MIT 342-2023.pdf,C75B23000000001,,10543255.0,1533676.0,10543255.0,10543255.0,10543255.0,10543255.0,10543255.0,7,False
2023 DM MIT 342-2023.pdf,C89F23000050001,,600000.0,600000.0,600000.0,600000.0,600000.0,600000.0,600000.0,7,True
2023 DM MIT 342-2023.pdf,C99F23000050001,,5400000.0,5400000.0,5400000.0,5400000.0,5400000.0,5400000.0,5400000.0,7,True
2023 DM MIT 342-2023.pdf,D49D15001920001,,25000000.0,,25000000.0,25000000.0,25000000.0,25000000.0,25000000.0,6,True
2023 DM MIT 342-2023.pdf,D69D15002090001,,25000000.0,,25000000.0,25000000.0,25000000.0,25000000.0,25000000.0,6,True
2023 DM MIT 342-2023.pdf,E51B21002250001,,20000000.0,,20000000.0,20000000.0,20000000.0,20000000.0,20000000.0,6,True
2023 DM MIT 342-2023.pdf,F41B21005790009,,30000000.0,30000000.0,30000000.0,30000000.0,30000000.0,30000000.0,30000000.0,7,True
2023 DM MIT 342-2023.pdf,F61B21003640009,,30000000.0,,30000000.0,30000000.0,30000000.0,30000000.0,30000000.0,6,True
2023 DM MIT 342-2023.pdf,F81B21005610001,,18000000.0,,18000000.0,18000000.0,18000000.0,18000000.0,18000000.0,6,True
2023 DM MIT 342-2023.pdf,G11B18000550005,,3500000.0,3500000.0,3500000.0,3500000.0,3500000.0,3500000.0,3500000.0,7,True
2023 DM MIT 342-2023.pdf,G31G22000250001,,2800000.0,,2800000.0,2800000.0,2800000.0,2800000.0,2800000.0,6,True
2023 DM MIT 342-2023.pdf,G31G22000260001,,7200000.0,7200000.0,7200000.0,7200000.0,7200000.0,7200000.0,7200000.0,7,True
2023 DM MIT 342-2023.pdf,G71B18000620005,,2500000.0,,2500000.0,2500000.0,2500000.0,2500000.0,2500000.0,6,True
2023 DM MIT 342-2023.pdf,H49J21005480003,,47725.0,342851.0,256450.0,304175.0,256450.0,44275.0,47725.0,7,False
2023 DM MIT 342-2023.pdf,I57H21005640001,,1512215.0,1512215.0,1512215.0,1512215.0,1512215.0,1512215.0,1512215.0,7,True
2023 DM MIT 342-2023.pdf,I61B21003020001,,9900000.0,,9900000.0,9900000.0,9900000.0,9900000.0,9900000.0,6,True
2023 DM MIT 342-2023.pdf,I67H21003160001,,2900000.0,,2900000.0,2900000.0,2900000.0,2900000.0,2900000.0,6,True
2023 DM MIT 344-2023.pdf,B67H20015770001,3060000.0,3060000.0,4740000.0,3060000.0,3060000.0,3060000.0,3060000.0,,7,False
2023 DM MIT 344-2023.pdf,B67H20015780001,2588469.6,2588469.6,3004.469,2588469.6,2588469.6,2588469.6,2588469.6,,7,False
2023 DM MIT 344-2023.pdf,B67H21009130001,5500000.0,5500000.0,5500000.0,5500000.0,5500000.0,5500000.0,5500000.0,,7,True
2023 DM MIT 344-2023.pdf,D17H21005490001,10000000.0,10000000.0,10000000.0,10000000.0,10000000.0,10000000.0,10000000.0,,7,True
2023 DM MIT 344-2023.pdf,D17H21005500001,564000.0,564000.0,564000.0,564000.0,564000.0,564000.0,564000.0,,7,True
2023 DM MIT 344-2023.pdf,D17H21005510001,13450000.0,13450000.0,13450000.0,13450000.0,13450000.0,13450000.0,13450000.0,,7,True
2023 DM MIT 344-2023.pdf,D17H21005520001,3250000.0,3250000.0,3250000.0,3250000.0,3250000.0,3250000.0,3250000.0,,7,True
2023 DM MIT 344-2023.pdf,D17H21005530001,1040000.0,1040000.0,1040000.0,1040000.0,1040000.0,1040000.0,1040000.0,,7,True
2023 DM MIT 344-2023.pdf,D17H21005540001,630000.0,630000.0,630000.0,630000.0,630000.0,630000.0,630000.0,,7,True
2023 DM MIT 344-2023.pdf,D44D21000410001,2180000.0,2180000.0,2180000.0,2180000.0,2180000.0,2180000.0,2180000.0,,7,True
2023 DM MIT 344-2023.pdf,D44D21000420001,1500000.0,1500000.0,1500000.0,1500000.0,1500000.0,1500000.0,1500000.0,,7,True
2023 DM MIT 344-2023.pdf,D48H21000600001,15500000.0,15500000.0,,15500000.0,15500000.0,15500000.0,15500000.0,,6,True
2023 DM MIT 344-2023.pdf,D48H2100060001,,,15500000.0,,,,,,1,True
2023 DM MIT 344-2023.pdf,D49I21000120001,750000.0,750000.0,750000.0,750000.0,750000.0,750000.0,750000.0,,7,True
2023 DM MIT 344-2023.pdf,D87G21000050001,3300000.0,3300000.0,3300000.0,3300000.0,3300000.0,3300000.0,3300000.0,,7,True
2023 DM MIT 344-2023.pdf,F47H21008020001,8000000.0,8000000.0,8000000.0,8000000.0,8000000.0,8000000.0,8000000.0,,7,True
2023 DM MIT 344-2023.pdf,F49J21012710001,17400000.0,17400000.0,17400000.0,17400000.0,17400000.0,17400000.0,17400000.0,,7,True
2023 DM MIT 344-2023.pdf,F49J21012720001,19000000.0,19000000.0,19000000.0,19000000.0,19000000.0,19000000.0,19000000.0,,7,True
2023 DM MIT 344-2023.pdf,F97H21009420001,550000.0,550000.0,6350000.0,550000.0,550000.0,550000.0,550000.0,,7,False
2023 DM MIT 344-2023.pdf,F99J21009810001,272065.2,272065.2,272065.2,272065.2,272065.2,272065.2,272065.2,,7,True
2023 DM MIT 344-2023.pdf,F99J21009820001,0.0,0.0,0.0,0.0,0.0,0.0,0.0,,7,True
2023 DM MIT 344-2023.pdf,H30J21000080001,1454962.4,1454962.4,1454962.4,1454962.4,1454962.4,1498605.1849999998,1454962.4,,7,False
2023 DM MIT 344-2023.pdf,H30J21000090001,1955566.47,1955566.47,1955566.47,1955566.47,1955566.47,1999209.255,1955566.47,,7,False
2023 DM MIT 344-2023.pdf,H30J21000100001,2914000.0,2914000.0,1881161.0433333332,2914000.0,2914000.0,2957642.785,2914000.0,,7,False
2023 DM MIT 344-2023.pdf,H30J21000110001,684131.29,684131.29,945988.0,684131.29,684131.29,727774.0750000001,684131.29,,7,False
2023 DM MIT 344-2023.pdf,H39J21010190001,2729483.13,2729483.13,1881161.0433333332,2729483.13,2729483.13,2773125.915,2729483.13,,7,False
2023 DM MIT 344-2023.pdf,H39J21010200001,0.0,0.0,1881161.0433333332,0.0,0.0,43642.784999999996,0.0,,7,False
2023 DM MIT 344-2023.pdf,H97H21005650001,7000000.0,7000000.0,7200000.0,7000000.0,7000000.0,7000000.0,7000000.0,,7,False
2023 DM MIT 344-2023.pdf,I79J21015680001,1682766.8,1682766.8,1882766.8,1682766.8,1682766.8,1850000.0,1682766.8,,7,False
2023 DM MIT 344-2023.pdf,I80J21000010004,1646880.0,1646880.0,1646880.0,1646880.0,1646880.0,1662813.3333333333,1646880.0,,7,False
2023 DM MIT 344-2023.pdf,I80J21000020004,203404.0,203404.0,203404.0,203404.0,203404.0,219337.33333333334,203404.0,,7,False
2023 DM MIT 344-2023.pdf,I80J21000060004,11500000.0,11500000.0,17250000.0,11500000.0,11500000.0,11515933.333333334,11500000.0,,7,False
2023 DM MIT 344-2023.pdf,I87B20001090004,1092286.0,1092286.0,1092286.0,1092286.0,1092286.0,1108219.3333333333,1092286.0,,7,False
2023 DM MIT 344-2023.pdf,I87B20001100004,11500000.0,11500000.0,17250000.0,11500000.0,11500000.0,11515933.333333334,11500000.0,,7,False
2023 DM MIT 344-2023.pdf,J19J21020260001,12000000.0,12000000.0,12000000.0,12000000.0,12000000.0,12000000.0,12000000.0,,7,True
2023 DM MIT 344-2023.pdf,J19J21020270001,6000000.0,6000000.0,6000000.0,6000000.0,6000000.0,6000000.0,6000000.0,,7,True
2023 DM MIT 344-2023.pdf,J87C19000370004,11500000.0,11500000.0,,11500000.0,11500000.0,11515933.333333334,11500000.0,,6,False
2023 DM MIT 345 - 2023.pdf,B31B21011680001,43899106.52,43899106.52,43899106.52,43899106.52,43899106.52,43899106.52,43899106.52,43899106.52,8,True
2023 DM MIT 345 - 2023.pdf,B31E20000230001,350000000.0,350000000.0,350000000.0,350000000.0,471645087.12,350000000.0,350000000.0,471645087.12,8,False
2023 DM MIT 345 - 2023.pdf,B44D22000070005,25155736.105,25155736.105,25155736.105,25155736.105,25155736.105,25155736.105,25155736.105,25155736.105,8,True
2023 DM MIT 345 - 2023.pdf,B44D22000090005,36000000.0,36000000.0,36000000.0,36000000.0,36000000.0,36000000.0,36000000.0,36000000.0,8,True
2023 DM MIT 345 - 2023.pdf,B44D22000100005,25155736.105,25155736.105,25155736.105,25155736.105,25155736.105,25155736.105,25155736.105,25155736.105,8,True
2023 DM MIT 345 - 2023.pdf,B44E07000120004,9000000.0,9000000.0,9000000.0,9000000.0,9000000.0,9000000.0,9000000.0,9000000.0,8,True
2023 DM MIT 345 - 2023.pdf,B60I20000000001,30000000.0,30000000.0,,30000000.0,30000000.0,30000000.0,30000000.0,30000000.0,7,True
2023 DM MIT 345 - 2023.pdf,B60J21000070001,15500000.0,15500000.0,,15500000.0,15500000.0,15500000.0,15500000.0,15500000.0,7,True
2023 DM MIT 345 - 2023.pdf,B61B21004880001,26000000.0,26000000.0,,26000000.0,26000000.0,26000000.0,26000000.0,26000000.0,7,True
2023 DM MIT 345 - 2023.pdf,B61B21004920001,17000000.0,17000000.0,,17000000.0,17000000.0,17000000.0,17000000.0,17000000.0,7,True
2023 DM MIT 345 - 2023.pdf,B61B21004930001,5700000.0,5700000.0,,5700000.0,5700000.0,5700000.0,5700000.0,5700000.0,7,True
2023 DM MIT 345 - 2023.pdf,B61E16000790007,41761536.39,41761536.39,,41761536.39,41761536.39,41761536.39,41761536.39,41761536.39,7,True
2023 DM MIT 345 - 2023.pdf,B67H21009110001,7500000.0,7500000.0,,7500000.0,7500000.0,7500000.0,7500000.0,7500000.0,7,True
2023 DM MIT 345 - 2023.pdf,B67H21009120001,2500000.0,2500000.0,,2500000.0,2500000.0,2500000.0,2500000.0,2500000.0,7,True
2023 DM MIT 345 - 2023.pdf,B69H13000230002,41500000.0,41500000.0,,41500000.0,41500000.0,41500000.0,41500000.0,41500000.0,7,True
2023 DM MIT 345 - 2023.pdf,C91B21006380001,86711742.76,86711742.76,86711742.76,86711742.76,91711742.76,86711742.76,86711742.76,91711742.76,8,False
2023 DM MIT 345 - 2023.pdf,C91D17000020001,115000000.0,115000000.0,115000000.0,115000000.0,115000000.0,115000000.0,115000000.0,115000000.0,8,True
2023 DM MIT 345 - 2023.pdf,C91G20000560006,317071777.54,317071777.54,,317071777.54,460771777.54,317071777.54,317071777.54,460771777.54,7,False
2023 DM MIT 345 - 2023.pdf,D71D18000520001,23141795.0,23141795.0,,23141795.0,23141795.0,23141795.0,23141795.0,23141795.0,7,True
2023 DM MIT 345 - 2023.pdf,D91E20000170001,48976182.34,48976182.34,48976182.34,48976182.34,48976182.34,48976182.34,48976182.34,48976182.34,8,True
2023 DM MIT 345 - 2023.pdf,E51D20001110001,130000000.0,130000000.0,130000000.0,130000000.0,130000000.0,130000000.0,130000000.0,130000000.0,8,True
2023 DM MIT 345 - 2023.pdf,E51J20000070001,134558977.17,134558977.17,,134558977.17,134558977.17,134558977.17,134558977.17,134558977.17,7,True
2023 DM MIT 345 - 2023.pdf,F31D21000020001,222142224.26,222142224.26,222142224.26,222142224.26,222142224.26,222142224.26,222142224.26,222142224.26,8,True
2023 DM MIT 345 - 2023.pdf,F31F19000110001,398822272.7,398822272.7,398822272.7,398822272.7,511324369.21999997,398822272.7,398822272.7,511324369.21999997,8,False
2023 DM MIT 345 - 2023.pdf,F40E19000030008,8800000.0,8800000.0,8800000.0,8800000.0,8800000.0,8800000.0,8800000.0,8800000.0,8,True
2023 DM MIT 345 - 2023.pdf,F40J21000050001,52360000.0,52360000.0,52360000.0,52360000.0,52360000.0,52360000.0,52360000.0,52360000.0,8,True
2023 DM MIT 345 - 2023.pdf,F61B19000600007,24644000.0,24644000.0,,24644000.0,24644000.0,24644000.0,24644000.0,24644000.0,7,True
2023 DM MIT 345 - 2023.pdf,F91B20001110007,120772120.18,120772120.18,,120772120.18,120772120.18,120772120.18,120772120.18,120772120.18,7,True
2023 DM MIT 345 - 2023.pdf,F91B21005050001,48768102.54,48768102.54,,48768102.54,48768102.54,48768102.54,48768102.54,48768102.54,7,True
2023 DM MIT 345 - 2023.pdf,H11B21006730001,80000000.0,80000000.0,80000000.0,80000000.0,80000000.0,80000000.0,80000000.0,80000000.0,8,True
2023 DM MIT 345 - 2023.pdf,H21D18000120001,100000000.0,100000000.0,100000000.0,100000000.0,178629102.0,100000000.0,100000000.0,178629102.0,8,False
2023 DM MIT 345 - 2023.pdf,H21E03000370005,7201544.96,7201544.96,7201544.96,7201544.96,67319801.98,7201544.96,7201544.96,67319801.98,8,False
2023 DM MIT 345 - 2023.pdf,H41J22000280003,150000000.0,150000000.0,150000000.0,150000000.0,284235778.8,150000000.0,150000000.0,284235778.8,8,False
2023 DM MIT 345 - 2023.pdf,H91F18000260005,14642359.1,14642359.1,14642359.1,14642359.1,101032672.03999999,14642359.1,14642359.1,101032672.03999999,8,False
2023 DM MIT 345 - 2023.pdf,H91J12000770005,222485838.6,222485838.6,222485838.6,222485838.6,222485838.6,222485838.6,222485838.6,222485838.6,8,True
2023 DM MIT 345 - 2023.pdf,H94I19000130004,238057777.66,238057777.66,238057777.66,238057777.66,335211901.76,238057777.66,238057777.66,335211901.76,8,False
2023 DM MIT 345 - 2023.pdf,J81F19000890001,100000000.0,100000000.0,100000000.0,100000000.0,184256600.0,100000000.0,100000000.0,184256600.0,8,False
2023 DM MIT 345 - 2023.pdf,J81J20000290001,120000000.0,120000000.0,120000000.0,120000000.0,120000000.0,120000000.0,120000000.0,120000000.0,8,True
2023 DM MIT 345 - 2023.pdf,J91B21002850001,159171170.07,159171170.07,,159171170.07,159171170.07,159171170.07,159171170.07,159171170.07,7,True
2023 DM MIT 346-2023.pdf,B24C17000320005,44217513.995,44217513.995,-14782486.005000003,44217513.995,44217513.995,44217513.995,44217513.995,44217513.995,8,False
2023 DM MIT 346-2023.pdf,B44D20000040001,145000000.0,145000000.0,145000000.0,145000000.0,145000000.0,145000000.0,145000000.0,145000000.0,8,True
2023 DM MIT 346-2023.pdf,B71J22000050006,44217513.995,44217513.995,44217513.995,44217513.995,44217513.995,44217513.995,44217513.995,44217513.995,8,True
2023 DM MIT 346-2023.pdf,C81B21013200005,63091133.28,63091133.28,63091133.28,63091133.28,63091133.28,63091133.28,63091133.28,63091133.28,8,True
2023 DM MIT 346-2023.pdf,F44I19000530001,47668750.43,47668750.43,47668750.43,47668750.43,47668750.43,47668750.43,47668750.43,47668750.43,8,True
2023 DM MIT 346-2023.pdf,H11J21000010003,48794211.94,48794211.94,48794211.94,48794211.94,48794211.94,48794211.94,48794211.94,48794211.94,8,True
2024 DI_MIT_MEF_107-2024.pdf,B39J22001360001,0.0,0.0,0.0,,,0.0,0.0,,5,True
2024 DM MIT 334-2024.pdf,B31B21011680001,43899106.52,43899106.52,,,43899106.52,43899106.52,43899106.52,43899106.52,6,True
2024 DM MIT 334-2024.pdf,B31E20000230001,398976182.34,398976182.34,398976182.34,,398976182.34,398976182.34,398976182.34,398976182.34,7,True
2024 DM MIT 334-2024.pdf,B44D22000070005,25155736.105,25155736.105,,,25155736.105,25155736.105,25155736.105,25155736.105,6,True
2024 DM MIT 334-2024.pdf,B44D22000090005,14324340.38,14324340.38,21675659.62,14324340.38,14324340.38,14324340.38,14324340.38,14324340.38,8,False
2024 DM MIT 334-2024.pdf,B44D22000100005,25155736.105,25155736.105,,,25155736.105,25155736.105,25155736.105,25155736.105,6,True
2024 DM MIT 334-2024.pdf,B44E07000120004,9000000.0,9000000.0,,,9000000.0,9000000.0,9000000.0,9000000.0,6,True
2024 DM MIT 334-2024.pdf,B60I20000000001,30000000.0,30000000.0,,,30000000.0,30000000.0,30000000.0,30000000.0,6,True
2024 DM MIT 334-2024.pdf,B60J21000070001,16130353.46,16130353.46,,,16130353.46,16130353.46,16130353.46,16130353.46,6,True
2024 DM MIT 334-2024.pdf,B61B21004880001,26000000.0,26000000.0,,,26000000.0,26000000.0,26000000.0,26000000.0,6,True
2024 DM MIT 334-2024.pdf,B61B21004920001,17000000.0,17000000.0,,,17000000.0,17000000.0,17000000.0,17000000.0,6,True
2024 DM MIT 334-2024.pdf,B61B21004930001,5700000.0,5700000.0,,,5700000.0,5700000.0,5700000.0,5700000.0,6,True
2024 DM MIT 334-2024.pdf,B61E16000790007,49051966.93,49051966.93,,,49051966.93,49051966.93,49051966.93,49051966.93,6,True
2024 DM MIT 334-2024.pdf,B67H21009110001,7500000.0,7500000.0,,,7500000.0,7500000.0,7500000.0,7500000.0,6,True
2024 DM MIT 334-2024.pdf,B67H21009120001,2500000.0,2500000.0,,,2500000.0,2500000.0,2500000.0,2500000.0,6,True
2024 DM MIT 334-2024.pdf,B69H13000230002,33579216.0,33579216.0,33579216.0,33579216.0,33579216.0,33579216.0,33579216.0,33579216.0,8,True
2024 DM MIT 334-2024.pdf,C91B21006380001,86711742.76,86711742.76,,,86711742.76,86711742.76,86711742.76,86711742.76,6,True
2024 DM MIT 334-2024.pdf,C91D17000020001,115000000.0,115000000.0,,,115000000.0,115000000.0,115000000.0,115000000.0,6,True
2024 DM MIT 334-2024.pdf,C91G20000560006,317071777.54,317071777.54,,,317071777.54,317071777.54,317071777.54,317071777.54,6,True
2024 DM MIT 334-2024.pdf,D71D18000520001,21997800.0,21997800.0,70765902.53999999,21997800.0,21997800.0,21997800.0,21997800.0,21997800.0,8,False
2024 DM MIT 334-2024.pdf,E51D20001110001,130000000.0,130000000.0,,,130000000.0,130000000.0,130000000.0,130000000.0,6,True
2024 DM MIT 334-2024.pdf,E51J20000070001,134558977.17,134558977.17,134558977.17,,134558977.17,134558977.17,134558977.17,134558977.17,7,True
2024 DM MIT 334-2024.pdf,F31D21000020001,222142224.26,222142224.26,,,222142224.26,222142224.26,222142224.26,222142224.26,6,True
2024 DM MIT 334-2024.pdf,F31F19000110001,398822272.7,398822272.7,,,398822272.7,398822272.7,398822272.7,398822272.7,6,True
2024 DM MIT 334-2024.pdf,F40E19000030008,8800000.0,8800000.0,,,8800000.0,8800000.0,8800000.0,8800000.0,6,True
2024 DM MIT 334-2024.pdf,F40J21000050001,52360000.0,52360000.0,,,52360000.0,52360000.0,52360000.0,52360000.0,6,True
2024 DM MIT 334-2024.pdf,F61B19000600007,24644000.0,24644000.0,,,24644000.0,24644000.0,24644000.0,24644000.0,6,True
2024 DM MIT 334-2024.pdf,F91B20001110007,120772120.18,120772120.18,,,120772120.18,120772120.18,120772120.18,120772120.18,6,True
2024 DM MIT 334-2024.pdf,H11B21006730001,80000000.0,80000000.0,,,80000000.0,80000000.0,80000000.0,80000000.0,6,True
2024 DM MIT 334-2024.pdf,H21D18000120001,100000000.0,100000000.0,,,100000000.0,100000000.0,100000000.0,100000000.0,6,True
2024 DM MIT 334-2024.pdf,H21E03000370005,7201544.96,7201544.96,,,7201544.96,7201544.96,7201544.96,7201544.96,6,True
2024 DM MIT 334-2024.pdf,H41J22000280003,150000000.0,150000000.0,,,150000000.0,150000000.0,150000000.0,150000000.0,6,True
2024 DM MIT 334-2024.pdf,H91F18000260005,14642359.1,14642359.1,,,14642359.1,14642359.1,14642359.1,14642359.1,6,True
2024 DM MIT 334-2024.pdf,H91J12000770005,222485838.6,222485838.6,,,222485838.6,222485838.6,222485838.6,222485838.6,6,True
2024 DM MIT 334-2024.pdf,H94I19000130004,308501539.82,308501539.82,308501539.82,,308501539.82,308501539.82,308501539.82,308501539.82,7,True
2024 DM MIT 334-2024.pdf,J81F19000890001,100000000.0,100000000.0,,,100000000.0,100000000.0,100000000.0,100000000.0,6,True
2024 DM MIT 334-2024.pdf,J81J20000290001,120000000.0,120000000.0,,,120000000.0,120000000.0,120000000.0,120000000.0,6,True
2024 DM MIT 334-2024.pdf,J91B21002850001,159171170.07,159171170.07,,,159171170.07,159171170.07,159171170.07,159171170.07,6,True
2024 delibera CIPE del 19 dicembre 2024.pdf,H11J12000200001,171900000.0,202146176.56,174596176.56,174596176.56,202146176.56,144350000.0,171900000.0,202146176.56,8,False
2025 DD MIT 141-2025.pdf,E51I04000010007,2200000000.0,2200000000.0,3945000000.0,2200000000.0,2200000000.0,2200000000.0,2200000000.0,2200000000.0,8,False
2025 DM MIT 131-2025.pdf,B21F19000040009,,,915000000.0,,,15000000.0,915000000.0,,3,False
