doc,status,gt,pred,tp,fn,fp,cell
2021 DM mit 464-2021,ok,5,5,5,0,0,deepseek/deepseek-v4-flash::off
2022 DD MIT 454-2022,ok,2,2,2,0,0,deepseek/deepseek-v4-flash::off
2022 DDG 128 del 02-05-22,ok,6,6,6,0,0,deepseek/deepseek-v4-flash::off
2022 DI MIT-MEF 390-2022,risposta_vuota,0,0,0,0,0,deepseek/deepseek-v4-flash::off
2022 DI Mims Mef 97 20.04.2022,ok,15,24,15,0,9,deepseek/deepseek-v4-flash::off
2022 DM  8.14-01-2022,ok,0,0,0,0,0,deepseek/deepseek-v4-flash::off
2022 DM 410.23-12-2022,risposta_vuota,0,0,0,0,0,deepseek/deepseek-v4-flash::off
2022 DM MIMS 342-2022,ok,1,1,1,0,0,deepseek/deepseek-v4-flash::off
2022 DM MIT 409-2022,ok,2,2,2,0,0,deepseek/deepseek-v4-flash::off
2023 DI MIT-MEF 286-2023,risposta_vuota,1,0,0,1,0,deepseek/deepseek-v4-flash::off
2023 DI MIT-MEF n.362 del 30-12-2023,ok,0,0,0,0,0,deepseek/deepseek-v4-flash::off
2023 DM 343.22-12-2023,ok,0,0,0,0,0,deepseek/deepseek-v4-flash::off
2023 DM MIT 191-2023,ok,9,9,1,8,8,deepseek/deepseek-v4-flash::off
2023 DM MIT 270-2023,ok,43,43,43,0,0,deepseek/deepseek-v4-flash::off
2023 DM MIT 342-2023,risposta_vuota,31,0,0,31,0,deepseek/deepseek-v4-flash::off
2023 DM MIT 344-2023,ok,62,61,59,3,2,deepseek/deepseek-v4-flash::off
2023 DM MIT 345 - 2023,ok,39,39,39,0,0,deepseek/deepseek-v4-flash::off
2023 DM MIT 346-2023,ok,6,6,6,0,0,deepseek/deepseek-v4-flash::off
2024 DI_MIT_MEF_107-2024,ok,0,1,0,0,1,deepseek/deepseek-v4-flash::off
2024 DI_MIT_MEF_349_2024,risposta_vuota,0,0,0,0,0,deepseek/deepseek-v4-flash::off
2024 DM MIT 330.20-12-2024,ok,0,0,0,0,0,deepseek/deepseek-v4-flash::off
2024 DM MIT 334-2024,ok,37,37,37,0,0,deepseek/deepseek-v4-flash::off
2024 delibera CIPE del 19 dicembre 2024,ok,1,3,0,1,3,deepseek/deepseek-v4-flash::off
2025 DD MIT 141-2025,ok,2,2,2,0,0,deepseek/deepseek-v4-flash::off
2025 DM MIT 131-2025,ok,1,0,0,1,0,deepseek/deepseek-v4-flash::off
2021 DM mit 464-2021,ok,5,5,5,0,0,deepseek/deepseek-v4-pro-0813::off
2022 DD MIT 454-2022,ok,2,2,2,0,0,deepseek/deepseek-v4-pro-0813::off
2022 DDG 128 del 02-05-22,ok,6,6,6,0,0,deepseek/deepseek-v4-pro-0813::off
2022 DI MIT-MEF 390-2022,ok,0,0,0,0,0,deepseek/deepseek-v4-pro-0813::off
2022 DI Mims Mef 97 20.04.2022,ok,15,15,15,0,0,deepseek/deepseek-v4-pro-0813::off
2022 DM  8.14-01-2022,ok,0,0,0,0,0,deepseek/deepseek-v4-pro-0813::off
2022 DM 410.23-12-2022,ok,0,0,0,0,0,deepseek/deepseek-v4-pro-0813::off
2022 DM MIMS 342-2022,ok,1,1,1,0,0,deepseek/deepseek-v4-pro-0813::off
2022 DM MIT 409-2022,ok,2,2,2,0,0,deepseek/deepseek-v4-pro-0813::off
2023 DI MIT-MEF 286-2023,ok,1,1,1,0,0,deepseek/deepseek-v4-pro-0813::off
2023 DI MIT-MEF n.362 del 30-12-2023,ok,0,0,0,0,0,deepseek/deepseek-v4-pro-0813::off
2023 DM 343.22-12-2023,ok,0,0,0,0,0,deepseek/deepseek-v4-pro-0813::off
2023 DM MIT 191-2023,ok,9,9,1,8,8,deepseek/deepseek-v4-pro-0813::off
2023 DM MIT 270-2023,ok,43,43,43,0,0,deepseek/deepseek-v4-pro-0813::off
2023 DM MIT 342-2023,ok,31,23,23,8,0,deepseek/deepseek-v4-pro-0813::off
2023 DM MIT 344-2023,ok,62,61,60,2,1,deepseek/deepseek-v4-pro-0813::off
2023 DM MIT 345 - 2023,ok,39,39,39,0,0,deepseek/deepseek-v4-pro-0813::off
2023 DM MIT 346-2023,ok,6,6,6,0,0,deepseek/deepseek-v4-pro-0813::off
2024 DI_MIT_MEF_107-2024,ok,0,1,0,0,1,deepseek/deepseek-v4-pro-0813::off
2024 DI_MIT_MEF_349_2024,ok,0,0,0,0,0,deepseek/deepseek-v4-pro-0813::off
2024 DM MIT 330.20-12-2024,ok,0,0,0,0,0,deepseek/deepseek-v4-pro-0813::off
2024 DM MIT 334-2024,ok,37,37,37,0,0,deepseek/deepseek-v4-pro-0813::off
2024 delibera CIPE del 19 dicembre 2024,ok,1,6,0,1,6,deepseek/deepseek-v4-pro-0813::off
2025 DD MIT 141-2025,ok,2,2,2,0,0,deepseek/deepseek-v4-pro-0813::off
2025 DM MIT 131-2025,ok,1,0,0,1,0,deepseek/deepseek-v4-pro-0813::off
2021 DM mit 464-2021,ok,5,5,5,0,0,google/gemma-4-26b-a4b-it::off
2022 DD MIT 454-2022,ok,2,2,2,0,0,google/gemma-4-26b-a4b-it::off
2022 DDG 128 del 02-05-22,ok,6,7,5,1,2,google/gemma-4-26b-a4b-it::off
2022 DI MIT-MEF 390-2022,ok,0,0,0,0,0,google/gemma-4-26b-a4b-it::off
2022 DI Mims Mef 97 20.04.2022,ok,15,24,15,0,9,google/gemma-4-26b-a4b-it::off
2022 DM  8.14-01-2022,ok,0,0,0,0,0,google/gemma-4-26b-a4b-it::off
2022 DM 410.23-12-2022,ok,0,0,0,0,0,google/gemma-4-26b-a4b-it::off
2022 DM MIMS 342-2022,ok,1,1,1,0,0,google/gemma-4-26b-a4b-it::off
2022 DM MIT 409-2022,ok,2,2,2,0,0,google/gemma-4-26b-a4b-it::off
2023 DI MIT-MEF 286-2023,ok,1,7,1,0,6,google/gemma-4-26b-a4b-it::off
2023 DI MIT-MEF n.362 del 30-12-2023,ok,0,0,0,0,0,google/gemma-4-26b-a4b-it::off
2023 DM 343.22-12-2023,ok,0,6,0,0,6,google/gemma-4-26b-a4b-it::off
2023 DM MIT 191-2023,ok,9,9,3,6,6,google/gemma-4-26b-a4b-it::off
2023 DM MIT 270-2023,ok,43,39,37,6,2,google/gemma-4-26b-a4b-it::off
2023 DM MIT 342-2023,ok,31,13,9,22,4,google/gemma-4-26b-a4b-it::off
2023 DM MIT 344-2023,ok,62,36,20,42,16,google/gemma-4-26b-a4b-it::off
2023 DM MIT 345 - 2023,ok,39,23,23,16,0,google/gemma-4-26b-a4b-it::off
2023 DM MIT 346-2023,ok,6,7,6,0,1,google/gemma-4-26b-a4b-it::off
2024 DI_MIT_MEF_107-2024,ok,0,1,0,0,1,google/gemma-4-26b-a4b-it::off
2024 DI_MIT_MEF_349_2024,ok,0,0,0,0,0,google/gemma-4-26b-a4b-it::off
2024 DM MIT 330.20-12-2024,ok,0,0,0,0,0,google/gemma-4-26b-a4b-it::off
2024 DM MIT 334-2024,ok,37,7,5,32,2,google/gemma-4-26b-a4b-it::off
2024 delibera CIPE del 19 dicembre 2024,ok,1,7,0,1,7,google/gemma-4-26b-a4b-it::off
2025 DD MIT 141-2025,ok,2,5,2,0,3,google/gemma-4-26b-a4b-it::off
2025 DM MIT 131-2025,ok,1,2,0,1,2,google/gemma-4-26b-a4b-it::off
2021 DM mit 464-2021,ok,5,5,5,0,0,google/gemma-4-31b-it::off
2022 DD MIT 454-2022,ok,2,2,2,0,0,google/gemma-4-31b-it::off
2022 DDG 128 del 02-05-22,ok,6,6,6,0,0,google/gemma-4-31b-it::off
2022 DI MIT-MEF 390-2022,ok,0,0,0,0,0,google/gemma-4-31b-it::off
2022 DI Mims Mef 97 20.04.2022,ok,15,24,15,0,9,google/gemma-4-31b-it::off
2022 DM  8.14-01-2022,ok,0,0,0,0,0,google/gemma-4-31b-it::off
2022 DM 410.23-12-2022,ok,0,0,0,0,0,google/gemma-4-31b-it::off
2022 DM MIMS 342-2022,ok,1,1,1,0,0,google/gemma-4-31b-it::off
2022 DM MIT 409-2022,ok,2,2,2,0,0,google/gemma-4-31b-it::off
2023 DI MIT-MEF 286-2023,ok,1,1,1,0,0,google/gemma-4-31b-it::off
2023 DI MIT-MEF n.362 del 30-12-2023,ok,0,0,0,0,0,google/gemma-4-31b-it::off
2023 DM 343.22-12-2023,ok,0,0,0,0,0,google/gemma-4-31b-it::off
2023 DM MIT 191-2023,ok,9,9,1,8,8,google/gemma-4-31b-it::off
2023 DM MIT 270-2023,ok,43,43,43,0,0,google/gemma-4-31b-it::off
2023 DM MIT 342-2023,ok,31,23,22,9,1,google/gemma-4-31b-it::off
2023 DM MIT 344-2023,ok,62,62,60,2,2,google/gemma-4-31b-it::off
2023 DM MIT 345 - 2023,ok,39,39,39,0,0,google/gemma-4-31b-it::off
2023 DM MIT 346-2023,ok,6,6,6,0,0,google/gemma-4-31b-it::off
2024 DI_MIT_MEF_107-2024,ok,0,0,0,0,0,google/gemma-4-31b-it::off
2024 DI_MIT_MEF_349_2024,ok,0,0,0,0,0,google/gemma-4-31b-it::off
2024 DM MIT 330.20-12-2024,ok,0,0,0,0,0,google/gemma-4-31b-it::off
2024 DM MIT 334-2024,ok,37,3,3,34,0,google/gemma-4-31b-it::off
2024 delibera CIPE del 19 dicembre 2024,ok,1,5,0,1,5,google/gemma-4-31b-it::off
2025 DD MIT 141-2025,ok,2,2,2,0,0,google/gemma-4-31b-it::off
2025 DM MIT 131-2025,ok,1,0,0,1,0,google/gemma-4-31b-it::off
2021 DM mit 464-2021,ok,5,5,5,0,0,minimax/minimax-m3::off
2022 DD MIT 454-2022,ok,2,2,2,0,0,minimax/minimax-m3::off
2022 DDG 128 del 02-05-22,ok,6,6,6,0,0,minimax/minimax-m3::off
2022 DI MIT-MEF 390-2022,ok,0,0,0,0,0,minimax/minimax-m3::off
2022 DI Mims Mef 97 20.04.2022,ok,15,15,15,0,0,minimax/minimax-m3::off
2022 DM  8.14-01-2022,ok,0,0,0,0,0,minimax/minimax-m3::off
2022 DM 410.23-12-2022,ok,0,0,0,0,0,minimax/minimax-m3::off
2022 DM MIMS 342-2022,ok,1,1,1,0,0,minimax/minimax-m3::off
2022 DM MIT 409-2022,ok,2,2,2,0,0,minimax/minimax-m3::off
2023 DI MIT-MEF 286-2023,ok,1,1,1,0,0,minimax/minimax-m3::off
2023 DI MIT-MEF n.362 del 30-12-2023,ok,0,0,0,0,0,minimax/minimax-m3::off
2023 DM 343.22-12-2023,ok,0,0,0,0,0,minimax/minimax-m3::off
2023 DM MIT 191-2023,ok,9,9,1,8,8,minimax/minimax-m3::off
2023 DM MIT 270-2023,ok,43,43,43,0,0,minimax/minimax-m3::off
2023 DM MIT 342-2023,ok,31,24,23,8,1,minimax/minimax-m3::off
2023 DM MIT 344-2023,ok,62,62,60,2,2,minimax/minimax-m3::off
2023 DM MIT 345 - 2023,ok,39,50,39,0,11,minimax/minimax-m3::off
2023 DM MIT 346-2023,ok,6,6,6,0,0,minimax/minimax-m3::off
2024 DI_MIT_MEF_107-2024,ok,0,0,0,0,0,minimax/minimax-m3::off
2024 DI_MIT_MEF_349_2024,ok,0,0,0,0,0,minimax/minimax-m3::off
2024 DM MIT 330.20-12-2024,ok,0,0,0,0,0,minimax/minimax-m3::off
2024 DM MIT 334-2024,ok,37,37,37,0,0,minimax/minimax-m3::off
2024 delibera CIPE del 19 dicembre 2024,ok,1,6,0,1,6,minimax/minimax-m3::off
2025 DD MIT 141-2025,ok,2,2,2,0,0,minimax/minimax-m3::off
2025 DM MIT 131-2025,ok,1,0,0,1,0,minimax/minimax-m3::off
2021 DM mit 464-2021,ok,5,5,5,0,0,moonshotai/kimi-k2.6::off
2022 DD MIT 454-2022,ok,2,2,2,0,0,moonshotai/kimi-k2.6::off
2022 DDG 128 del 02-05-22,ok,6,6,6,0,0,moonshotai/kimi-k2.6::off
2022 DI MIT-MEF 390-2022,ok,0,0,0,0,0,moonshotai/kimi-k2.6::off
2022 DI Mims Mef 97 20.04.2022,ok,15,15,15,0,0,moonshotai/kimi-k2.6::off
2022 DM  8.14-01-2022,ok,0,0,0,0,0,moonshotai/kimi-k2.6::off
2022 DM 410.23-12-2022,ok,0,0,0,0,0,moonshotai/kimi-k2.6::off
2022 DM MIMS 342-2022,ok,1,1,1,0,0,moonshotai/kimi-k2.6::off
2022 DM MIT 409-2022,ok,2,2,2,0,0,moonshotai/kimi-k2.6::off
2023 DI MIT-MEF 286-2023,ok,1,1,1,0,0,moonshotai/kimi-k2.6::off
2023 DI MIT-MEF n.362 del 30-12-2023,ok,0,9,0,0,9,moonshotai/kimi-k2.6::off
2023 DM 343.22-12-2023,ok,0,0,0,0,0,moonshotai/kimi-k2.6::off
2023 DM MIT 191-2023,ok,9,9,1,8,8,moonshotai/kimi-k2.6::off
2023 DM MIT 270-2023,ok,43,43,43,0,0,moonshotai/kimi-k2.6::off
2023 DM MIT 342-2023,ok,31,23,22,9,1,moonshotai/kimi-k2.6::off
2023 DM MIT 344-2023,ok,62,77,60,2,17,moonshotai/kimi-k2.6::off
2023 DM MIT 345 - 2023,ok,39,39,39,0,0,moonshotai/kimi-k2.6::off
2023 DM MIT 346-2023,ok,6,6,6,0,0,moonshotai/kimi-k2.6::off
2024 DI_MIT_MEF_107-2024,ok,0,1,0,0,1,moonshotai/kimi-k2.6::off
2024 DI_MIT_MEF_349_2024,ok,0,0,0,0,0,moonshotai/kimi-k2.6::off
2024 DM MIT 330.20-12-2024,ok,0,0,0,0,0,moonshotai/kimi-k2.6::off
2024 DM MIT 334-2024,ok,37,37,37,0,0,moonshotai/kimi-k2.6::off
2024 delibera CIPE del 19 dicembre 2024,ok,1,4,0,1,4,moonshotai/kimi-k2.6::off
2025 DD MIT 141-2025,ok,2,2,2,0,0,moonshotai/kimi-k2.6::off
2025 DM MIT 131-2025,ok,1,1,0,1,1,moonshotai/kimi-k2.6::off
2021 DM mit 464-2021,ok,5,5,5,0,0,qwen/qwen3.6-35b-a3b::off
2022 DD MIT 454-2022,ok,2,2,2,0,0,qwen/qwen3.6-35b-a3b::off
2022 DDG 128 del 02-05-22,ok,6,11,1,5,10,qwen/qwen3.6-35b-a3b::off
2022 DI MIT-MEF 390-2022,ok,0,0,0,0,0,qwen/qwen3.6-35b-a3b::off
2022 DI Mims Mef 97 20.04.2022,ok,15,15,15,0,0,qwen/qwen3.6-35b-a3b::off
2022 DM  8.14-01-2022,ok,0,0,0,0,0,qwen/qwen3.6-35b-a3b::off
2022 DM 410.23-12-2022,ok,0,0,0,0,0,qwen/qwen3.6-35b-a3b::off
2022 DM MIMS 342-2022,ok,1,1,1,0,0,qwen/qwen3.6-35b-a3b::off
2022 DM MIT 409-2022,ok,2,2,2,0,0,qwen/qwen3.6-35b-a3b::off
2023 DI MIT-MEF 286-2023,ok,1,1,1,0,0,qwen/qwen3.6-35b-a3b::off
2023 DI MIT-MEF n.362 del 30-12-2023,ok,0,9,0,0,9,qwen/qwen3.6-35b-a3b::off
2023 DM 343.22-12-2023,ok,0,0,0,0,0,qwen/qwen3.6-35b-a3b::off
2023 DM MIT 191-2023,ok,9,9,1,8,8,qwen/qwen3.6-35b-a3b::off
2023 DM MIT 270-2023,ok,43,44,43,0,1,qwen/qwen3.6-35b-a3b::off
2023 DM MIT 342-2023,ok,31,23,23,8,0,qwen/qwen3.6-35b-a3b::off
2023 DM MIT 344-2023,ok,62,64,60,2,4,qwen/qwen3.6-35b-a3b::off
2023 DM MIT 345 - 2023,ok,39,39,39,0,0,qwen/qwen3.6-35b-a3b::off
2023 DM MIT 346-2023,ok,6,6,6,0,0,qwen/qwen3.6-35b-a3b::off
2024 DI_MIT_MEF_107-2024,ok,0,1,0,0,1,qwen/qwen3.6-35b-a3b::off
2024 DI_MIT_MEF_349_2024,ok,0,0,0,0,0,qwen/qwen3.6-35b-a3b::off
2024 DM MIT 330.20-12-2024,ok,0,0,0,0,0,qwen/qwen3.6-35b-a3b::off
2024 DM MIT 334-2024,ok,37,37,37,0,0,qwen/qwen3.6-35b-a3b::off
2024 delibera CIPE del 19 dicembre 2024,ok,1,3,0,1,3,qwen/qwen3.6-35b-a3b::off
2025 DD MIT 141-2025,ok,2,2,2,0,0,qwen/qwen3.6-35b-a3b::off
2025 DM MIT 131-2025,ok,1,2,0,1,2,qwen/qwen3.6-35b-a3b::off
2021 DM mit 464-2021,ok,5,5,5,0,0,z-ai/glm-4.7-flash::off
2022 DD MIT 454-2022,ok,2,2,2,0,0,z-ai/glm-4.7-flash::off
2022 DDG 128 del 02-05-22,ok,6,6,6,0,0,z-ai/glm-4.7-flash::off
2022 DI MIT-MEF 390-2022,ok,0,0,0,0,0,z-ai/glm-4.7-flash::off
2022 DI Mims Mef 97 20.04.2022,ok,15,24,15,0,9,z-ai/glm-4.7-flash::off
2022 DM  8.14-01-2022,ok,0,0,0,0,0,z-ai/glm-4.7-flash::off
2022 DM 410.23-12-2022,ok,0,0,0,0,0,z-ai/glm-4.7-flash::off
2022 DM MIMS 342-2022,ok,1,1,1,0,0,z-ai/glm-4.7-flash::off
2022 DM MIT 409-2022,ok,2,2,2,0,0,z-ai/glm-4.7-flash::off
2023 DI MIT-MEF 286-2023,ok,1,1,1,0,0,z-ai/glm-4.7-flash::off
2023 DI MIT-MEF n.362 del 30-12-2023,ok,0,0,0,0,0,z-ai/glm-4.7-flash::off
2023 DM 343.22-12-2023,ok,0,0,0,0,0,z-ai/glm-4.7-flash::off
2023 DM MIT 191-2023,ok,9,9,1,8,8,z-ai/glm-4.7-flash::off
2023 DM MIT 270-2023,ok,43,43,43,0,0,z-ai/glm-4.7-flash::off
2023 DM MIT 342-2023,ok,31,23,23,8,0,z-ai/glm-4.7-flash::off
2023 DM MIT 344-2023,ok,62,0,0,62,0,z-ai/glm-4.7-flash::off
2023 DM MIT 345 - 2023,ok,39,50,39,0,11,z-ai/glm-4.7-flash::off
2023 DM MIT 346-2023,ok,6,6,6,0,0,z-ai/glm-4.7-flash::off
2024 DI_MIT_MEF_107-2024,ok,0,0,0,0,0,z-ai/glm-4.7-flash::off
2024 DI_MIT_MEF_349_2024,ok,0,0,0,0,0,z-ai/glm-4.7-flash::off
2024 DM MIT 330.20-12-2024,ok,0,0,0,0,0,z-ai/glm-4.7-flash::off
2024 DM MIT 334-2024,ok,37,37,37,0,0,z-ai/glm-4.7-flash::off
2024 delibera CIPE del 19 dicembre 2024,ok,1,4,0,1,4,z-ai/glm-4.7-flash::off
2025 DD MIT 141-2025,ok,2,2,2,0,0,z-ai/glm-4.7-flash::off
2025 DM MIT 131-2025,ok,1,0,0,1,0,z-ai/glm-4.7-flash::off
