decree_file,cup,deepseek/deepseek-v4-flash::off,deepseek/deepseek-v4-pro-0813::off,google/gemma-4-26b-a4b-it::off,google/gemma-4-31b-it::off,minimax/minimax-m3::off,moonshotai/kimi-k2.6::off,qwen/qwen3.6-35b-a3b::off,z-ai/glm-4.7-flash::off,n_cells_found,all_agree
2022 DD MIT 454-2022.pdf,E51I04000010007,145000000.0,131000000.0,145000000.0,145000000.0,131000000.0,131000000.0,131000000.0,145000000.0,8,False
2022 DDG 128 del 02-05-22.pdf,C11B21008720001,22247246.52,22247246.52,,22247246.52,22247246.52,22247246.52,22247246.52,,6,True
2022 DDG 128 del 02-05-22.pdf,C81B21013200005,359545887.07,359545887.07,,359545887.07,359545887.07,359545887.07,359545887.07,,6,True
2022 DDG 128 del 02-05-22.pdf,D81E20000410007,22247246.52,22247246.52,,22247246.52,22247246.52,22247246.52,22247246.52,,6,True
2022 DDG 128 del 02-05-22.pdf,H94I19000130004,97154124.1,97154124.1,,97154124.1,97154124.1,97154124.1,97154124.1,,6,True
2022 DDG 128 del 02-05-22.pdf,J80J18000000001,159466174.12,159466174.12,,159466174.12,159466174.12,159466174.12,159466174.12,,6,True
2022 DI Mims Mef 97 20.04.2022.pdf,B31F20000030005,20860000.0,20860000.0,,20860000.0,20860000.0,20860000.0,20860000.0,20860000.0,7,True
2022 DI Mims Mef 97 20.04.2022.pdf,B34J18000220001,37258062.315,37258062.315,,37258062.315,37258062.315,37258062.315,,37258062.315,6,True
2022 DI Mims Mef 97 20.04.2022.pdf,B34J18000230001,37258062.315,37258062.315,,37258062.315,37258062.315,37258062.315,,37258062.315,6,True
2022 DI Mims Mef 97 20.04.2022.pdf,B39J22001360001,398000000.0,398000000.0,,398000000.0,398000000.0,398000000.0,398000000.0,398000000.0,7,True
2022 DI Mims Mef 97 20.04.2022.pdf,B41C21000010001,5500000.0,5500000.0,,5500000.0,5500000.0,5500000.0,5500000.0,5500000.0,7,True
2022 DI Mims Mef 97 20.04.2022.pdf,B41J21000050006,4500000.0,4500000.0,,4500000.0,4500000.0,4500000.0,4500000.0,4500000.0,7,True
2022 DI Mims Mef 97 20.04.2022.pdf,B44D20000040001,180000000.0,180000000.0,,180000000.0,180000000.0,180000000.0,180000000.0,180000000.0,7,True
2022 DI Mims Mef 97 20.04.2022.pdf,B91J21000040001,420000000.0,420000000.0,,420000000.0,420000000.0,420000000.0,420000000.0,420000000.0,7,True
2022 DI Mims Mef 97 20.04.2022.pdf,C11J22000000001,221721410.41,221721410.41,,221721410.41,221721410.41,221721410.41,,221721410.41,6,True
2022 DI Mims Mef 97 20.04.2022.pdf,C71F20000020005,1000000000.0,1000000000.0,,1000000000.0,1000000000.0,1000000000.0,1000000000.0,1000000000.0,7,True
2022 DI Mims Mef 97 20.04.2022.pdf,E31J19000030001,26500000.0,26500000.0,,26500000.0,26500000.0,26500000.0,26500000.0,26500000.0,7,True
2022 DI Mims Mef 97 20.04.2022.pdf,E51I04000010007,1600000000.0,1600000000.0,,1600000000.0,1600000000.0,1600000000.0,1600000000.0,1600000000.0,7,True
2022 DI Mims Mef 97 20.04.2022.pdf,F41B22000740009,631373163.0,631373163.0,,631373163.0,631373163.0,631373163.0,631373163.0,631373163.0,7,True
2022 DI Mims Mef 97 20.04.2022.pdf,F41B22000830009,163500824.0,163500824.0,,163500824.0,163500824.0,163500824.0,163500824.0,163500824.0,7,True
2022 DI Mims Mef 97 20.04.2022.pdf,F44I19000530001,122200000.0,122200000.0,,122200000.0,122200000.0,122200000.0,122200000.0,122200000.0,7,True
2022 DI Mims Mef 97 20.04.2022.pdf,F47C19000350001,22500000.035,22500000.035,,22500000.035,22500000.035,22500000.035,,22500000.035,6,True
2022 DI Mims Mef 97 20.04.2022.pdf,F47C19000360001,22500000.035,22500000.035,,22500000.035,22500000.035,22500000.035,,22500000.035,6,True
2022 DI Mims Mef 97 20.04.2022.pdf,F47C19000370001,5225000.005,5225000.005,,5225000.005,5225000.005,5225000.005,,5225000.005,6,True
2022 DI Mims Mef 97 20.04.2022.pdf,F47C19000380001,5225000.005,5225000.005,,5225000.005,5225000.005,5225000.005,,5225000.005,6,True
2022 DI Mims Mef 97 20.04.2022.pdf,F47C19000390001,5225000.005,5225000.005,,5225000.005,5225000.005,5225000.005,,5225000.005,6,True
2022 DI Mims Mef 97 20.04.2022.pdf,F47D17000140005,5225000.005,5225000.005,,5225000.005,5225000.005,5225000.005,,5225000.005,6,True
2022 DI Mims Mef 97 20.04.2022.pdf,J81B21014060001,173183831.97,173183831.97,,173183831.97,173183831.97,173183831.97,173183831.97,173183831.97,7,True
2022 DI Mims Mef 97 20.04.2022.pdf,J84E21005150001,11284217.84,11284217.84,,11284217.84,11284217.84,11284217.84,11284217.84,11284217.84,7,True
2023 DM MIT 342-2023.pdf,B19F22013250002,2400000.0,2400000.0,2400000.0,2400000.0,2400000.0,2400000.0,2400000.0,2400000.0,8,True
2023 DM MIT 342-2023.pdf,B41E04000210001,50000000.0,50000000.0,50000000.0,50000000.0,50000000.0,50000000.0,50000000.0,50000000.0,8,True
2023 DM MIT 342-2023.pdf,B81B21003770005,1750000.0,1750000.0,1750000.0,1750000.0,1750000.0,1750000.0,1750000.0,1750000.0,8,True
2023 DM MIT 342-2023.pdf,B89J21020930005,1200000.0,1200000.0,1200000.0,1200000.0,1200000.0,1200000.0,1200000.0,1200000.0,8,True
2023 DM MIT 342-2023.pdf,C56G21008730001,3400000.0,3400000.0,3400000.0,3400000.0,3400000.0,3400000.0,3400000.0,3400000.0,8,True
2023 DM MIT 342-2023.pdf,C71G22000090001,7000000.0,7000000.0,7000000.0,7000000.0,7000000.0,7000000.0,7000000.0,7000000.0,8,True
2023 DM MIT 342-2023.pdf,C75B23000000001,10543255.0,10543255.0,10543255.0,10543255.0,10543255.0,10543255.0,10543255.0,10543255.0,8,True
2023 DM MIT 342-2023.pdf,C89F23000050001,600000.0,600000.0,600000.0,600000.0,600000.0,600000.0,600000.0,600000.0,8,True
2023 DM MIT 342-2023.pdf,C99F23000050001,5400000.0,5400000.0,5400000.0,5400000.0,5400000.0,5400000.0,5400000.0,5400000.0,8,True
2023 DM MIT 342-2023.pdf,D49D15001920001,25000000.0,25000000.0,25000000.0,25000000.0,25000000.0,25000000.0,25000000.0,25000000.0,8,True
2023 DM MIT 342-2023.pdf,D69D15002090001,25000000.0,25000000.0,25000000.0,25000000.0,25000000.0,25000000.0,25000000.0,25000000.0,8,True
2023 DM MIT 342-2023.pdf,E51B21002250001,20000000.0,20000000.0,20000000.0,20000000.0,20000000.0,20000000.0,20000000.0,20000000.0,8,True
2023 DM MIT 342-2023.pdf,F41B21005790009,30000000.0,30000000.0,30000000.0,30000000.0,30000000.0,30000000.0,30000000.0,30000000.0,8,True
2023 DM MIT 342-2023.pdf,F61B21003640009,30000000.0,30000000.0,30000000.0,30000000.0,30000000.0,30000000.0,30000000.0,30000000.0,8,True
2023 DM MIT 342-2023.pdf,F81B21005610001,18000000.0,18000000.0,18000000.0,18000000.0,18000000.0,18000000.0,18000000.0,18000000.0,8,True
2023 DM MIT 342-2023.pdf,G11B18000550005,3500000.0,3500000.0,3500000.0,3500000.0,3500000.0,3500000.0,3500000.0,3500000.0,8,True
2023 DM MIT 342-2023.pdf,G31G22000250001,2800000.0,2800000.0,2800000.0,2800000.0,2800000.0,2800000.0,2800000.0,2800000.0,8,True
2023 DM MIT 342-2023.pdf,G31G22000260001,7200000.0,7200000.0,7200000.0,7200000.0,7200000.0,7200000.0,7200000.0,7200000.0,8,True
2023 DM MIT 342-2023.pdf,G71B18000620005,2500000.0,2500000.0,2500000.0,2500000.0,2500000.0,2500000.0,2500000.0,2500000.0,8,True
2023 DM MIT 342-2023.pdf,H49J21005480003,92000.0,47725.0,47725.0,47725.0,47725.0,256450.0,44275.0,47725.0,8,False
2023 DM MIT 342-2023.pdf,I57H21005640001,1512215.0,1512215.0,1512215.0,1512215.0,1512215.0,1512215.0,1512215.0,1512215.0,8,True
2023 DM MIT 342-2023.pdf,I61B21003020001,9900000.0,9900000.0,9900000.0,9900000.0,9900000.0,9900000.0,9900000.0,9900000.0,8,True
2023 DM MIT 342-2023.pdf,I67H21003160001,2900000.0,2900000.0,2900000.0,2900000.0,2900000.0,2900000.0,2900000.0,2900000.0,8,True
2025 DD MIT 141-2025.pdf,E51I04000010007,6145000000.0,6145000000.0,6145000000.0,8345000000.0,2200000000.0,2200000000.0,2345000000.0,6145000000.0,8,False
